<?xml version="1.0" encoding="UTF-8"?>
<included>

    <property name="LOG_FOLDER" value="${LOG_FOLDER:-./_logs}"/>

    <!-- Console appender for standard out -->
    <appender name="STDOUT" class="ch.qos.logback.core.ConsoleAppender">
        <encoder>
            <pattern>%d{dd/MM HH:mm:ss.SSS, Australia/Melbourne} [%-5level] %logger{5}:%L - %msg%n</pattern>
        </encoder>
    </appender>

    <appender name="ERROR_CONSOLE" class="ch.qos.logback.core.ConsoleAppender">
        <filter class="ch.qos.logback.classic.filter.LevelFilter">
            <level>ERROR</level>
            <onMatch>NEUTRAL</onMatch>
            <onMismatch>DENY</onMismatch>
        </filter>
        <filter class="ch.qos.logback.core.filter.EvaluatorFilter">
            <evaluator> <!-- defaults to type ch.qos.logback.classic.boolex.JaninoEventEvaluator -->
                <!-- don't log this message "key [4newco, 4anz, ...] does not exist" -->
                <expression>
                    return formattedMessage.contains("chaincode error (status: 500, message: Key");
                </expression>
            </evaluator>
            <OnMismatch>NEUTRAL</OnMismatch>
            <OnMatch>DENY</OnMatch>
        </filter>
        <encoder>
            <pattern>%d{dd/MM HH:mm:ss.SSS, Australia/Melbourne} [%-5level] %logger{5}:%L - %msg%n</pattern>
        </encoder>
    </appender>

    <!-- Error log entries -->
    <appender name="ERROR" class="ch.qos.logback.core.rolling.RollingFileAppender">
        <file>${LOG_FOLDER}/error.log</file>
        <filter class="ch.qos.logback.classic.filter.LevelFilter">
            <level>ERROR</level>
            <onMatch>ACCEPT</onMatch>
            <onMismatch>DENY</onMismatch>
        </filter>
        <rollingPolicy class="ch.qos.logback.core.rolling.TimeBasedRollingPolicy">
            <fileNamePattern>${LOG_FOLDER}/archive/error_%d{yyyy-MM-dd}.%i.log</fileNamePattern>
            <timeBasedFileNamingAndTriggeringPolicy class="ch.qos.logback.core.rolling.SizeAndTimeBasedFNATP">
                <maxFileSize>5MB</maxFileSize>
            </timeBasedFileNamingAndTriggeringPolicy>
            <!-- keep 30 days' worth of history -->
            <maxHistory>30</maxHistory>
        </rollingPolicy>
        <encoder>
            <pattern>%d{dd/MM HH:mm:ss.SSS, Australia/Melbourne} [%-5level] %logger{5}:%L - %msg%n</pattern>
        </encoder>
    </appender>

    <!-- Error log entries -->
    <appender name="SPRING" class="ch.qos.logback.core.rolling.RollingFileAppender">
        <file>${LOG_FOLDER}/spring.log</file>
        <rollingPolicy class="ch.qos.logback.core.rolling.TimeBasedRollingPolicy">
            <fileNamePattern>${LOG_FOLDER}/archive/spring_%d{yyyy-MM-dd}.%i.log</fileNamePattern>
            <timeBasedFileNamingAndTriggeringPolicy class="ch.qos.logback.core.rolling.SizeAndTimeBasedFNATP">
                <maxFileSize>5MB</maxFileSize>
            </timeBasedFileNamingAndTriggeringPolicy>
            <!-- keep 30 days' worth of history -->
            <maxHistory>30</maxHistory>
        </rollingPolicy>
        <encoder>
            <pattern>%d{dd/MM HH:mm:ss.SSS, Australia/Melbourne} [%-5level] %logger{5}:%L - %msg%n</pattern>
        </encoder>
    </appender>

    <!-- Error log entries -->
    <appender name="DEBUG" class="ch.qos.logback.core.rolling.RollingFileAppender">
        <file>${LOG_FOLDER}/debug.log</file>
        <filter class="ch.qos.logback.classic.filter.LevelFilter">
            <level>DEBUG</level>
            <onMatch>ACCEPT</onMatch>
            <onMismatch>DENY</onMismatch>
        </filter>
        <rollingPolicy class="ch.qos.logback.core.rolling.TimeBasedRollingPolicy">
            <fileNamePattern>${LOG_FOLDER}/archive/debug_%d{yyyy-MM-dd}.%i.log</fileNamePattern>
            <timeBasedFileNamingAndTriggeringPolicy class="ch.qos.logback.core.rolling.SizeAndTimeBasedFNATP">
                <maxFileSize>5MB</maxFileSize>
            </timeBasedFileNamingAndTriggeringPolicy>
            <!-- keep 30 days' worth of history -->
            <maxHistory>30</maxHistory>
        </rollingPolicy>
        <encoder>
            <pattern>%d{dd/MM HH:mm:ss.SSS, Australia/Melbourne} [%-5level] %logger{5}:%L - %msg%n</pattern>
        </encoder>
    </appender>

    <!-- Error log entries -->
    <appender name="INFO" class="ch.qos.logback.core.rolling.RollingFileAppender">
        <file>${LOG_FOLDER}/info.log</file>
        <filter class="ch.qos.logback.classic.filter.LevelFilter">
            <level>INFO</level>
            <onMatch>ACCEPT</onMatch>
            <onMismatch>DENY</onMismatch>
        </filter>
        <rollingPolicy class="ch.qos.logback.core.rolling.TimeBasedRollingPolicy">
            <fileNamePattern>${LOG_FOLDER}/archive/info_%d{yyyy-MM-dd}.%i.log</fileNamePattern>
            <timeBasedFileNamingAndTriggeringPolicy class="ch.qos.logback.core.rolling.SizeAndTimeBasedFNATP">
                <maxFileSize>5MB</maxFileSize>
            </timeBasedFileNamingAndTriggeringPolicy>
            <!-- keep 30 days' worth of history -->
            <maxHistory>30</maxHistory>
        </rollingPolicy>
        <encoder>
            <pattern>%d{dd/MM HH:mm:ss.SSS, Australia/Melbourne} [%-5level] %logger{5}:%L - %msg%n</pattern>
        </encoder>
    </appender>

    <!-- Error log entries -->
    <appender name="WARN" class="ch.qos.logback.core.rolling.RollingFileAppender">
        <file>${LOG_FOLDER}/warn.log</file>
        <filter class="ch.qos.logback.classic.filter.LevelFilter">
            <level>WARN</level>
            <onMatch>ACCEPT</onMatch>
            <onMismatch>DENY</onMismatch>
        </filter>
        <rollingPolicy class="ch.qos.logback.core.rolling.TimeBasedRollingPolicy">
            <fileNamePattern>${LOG_FOLDER}/archive/warn_%d{yyyy-MM-dd}.%i.log</fileNamePattern>
            <timeBasedFileNamingAndTriggeringPolicy class="ch.qos.logback.core.rolling.SizeAndTimeBasedFNATP">
                <maxFileSize>5MB</maxFileSize>
            </timeBasedFileNamingAndTriggeringPolicy>
            <!-- keep 30 days' worth of history -->
            <maxHistory>30</maxHistory>
        </rollingPolicy>
        <encoder>
            <pattern>%d{dd/MM HH:mm:ss.SSS, Australia/Melbourne} [%-5level] %logger{5}:%L - %msg%n</pattern>
        </encoder>
    </appender>

    <!-- Error log entries -->
    <appender name="TEST" class="ch.qos.logback.core.rolling.RollingFileAppender">
        <file>${LOG_FOLDER}/test.log</file>
        <rollingPolicy class="ch.qos.logback.core.rolling.TimeBasedRollingPolicy">
            <fileNamePattern>${LOG_FOLDER}/archive/test_%d{yyyy-MM-dd}.%i.log</fileNamePattern>
            <timeBasedFileNamingAndTriggeringPolicy class="ch.qos.logback.core.rolling.SizeAndTimeBasedFNATP">
                <maxFileSize>5MB</maxFileSize>
            </timeBasedFileNamingAndTriggeringPolicy>
            <!-- keep 30 days' worth of history -->
            <maxHistory>30</maxHistory>
        </rollingPolicy>
        <encoder>
            <pattern>%d{dd/MM HH:mm:ss.SSS, Australia/Melbourne} [%-5level] %logger{5}:%L - %msg%n</pattern>
        </encoder>
    </appender>

    <!-- Fabric technical logs (connection, proposals, ...) -->
    <appender name="FABRIC_TECH" class="ch.qos.logback.core.rolling.RollingFileAppender">
        <file>${LOG_FOLDER}/fabric-tech.log</file>
        <filter class="ch.qos.logback.core.filter.EvaluatorFilter">
            <evaluator class="ch.qos.logback.classic.boolex.OnMarkerEvaluator">
                <marker>FABRIC_TECH</marker>
            </evaluator>
            <onMatch>ACCEPT</onMatch>
            <onMismatch>DENY</onMismatch>
        </filter>
        <rollingPolicy class="ch.qos.logback.core.rolling.TimeBasedRollingPolicy">
            <fileNamePattern>${LOG_FOLDER}/archive/fabric-tech_%d{yyyy-MM-dd}.%i.log</fileNamePattern>
            <timeBasedFileNamingAndTriggeringPolicy class="ch.qos.logback.core.rolling.SizeAndTimeBasedFNATP">
                <maxFileSize>5MB</maxFileSize>
            </timeBasedFileNamingAndTriggeringPolicy>
            <!-- keep 30 days' worth of history -->
            <maxHistory>30</maxHistory>
        </rollingPolicy>
        <encoder>
            <pattern>%d{dd/MM HH:mm:ss.SSS, Australia/Melbourne} [%-5level] %logger{5}:%L - %msg%n</pattern>
        </encoder>
    </appender>

    <!-- Domain specific logging (business logic) -->
    <appender name="DOMAIN" class="ch.qos.logback.core.rolling.RollingFileAppender">
        <file>${LOG_FOLDER}/domain.log</file>
        <filter class="ch.qos.logback.core.filter.EvaluatorFilter">
            <evaluator class="ch.qos.logback.classic.boolex.OnMarkerEvaluator">
                <marker>DOMAIN</marker>
            </evaluator>
            <onMatch>ACCEPT</onMatch>
            <onMismatch>DENY</onMismatch>
        </filter>
        <rollingPolicy class="ch.qos.logback.core.rolling.TimeBasedRollingPolicy">
            <fileNamePattern>${LOG_FOLDER}/archive/domain_%d{yyyy-MM-dd}.%i.log</fileNamePattern>
            <timeBasedFileNamingAndTriggeringPolicy class="ch.qos.logback.core.rolling.SizeAndTimeBasedFNATP">
                <maxFileSize>5MB</maxFileSize>
            </timeBasedFileNamingAndTriggeringPolicy>
            <!-- keep 30 days' worth of history -->
            <maxHistory>30</maxHistory>
        </rollingPolicy>
        <encoder>
            <pattern>%d{dd/MM HH:mm:ss.SSS, Australia/Melbourne} [%-5level] %logger{5}:%L - %msg%n</pattern>
        </encoder>
    </appender>

    <!-- Authentication debugging -->
    <appender name="AUTH" class="ch.qos.logback.core.rolling.RollingFileAppender">
        <file>${LOG_FOLDER}/auth.log</file>
        <filter class="ch.qos.logback.core.filter.EvaluatorFilter">
            <evaluator class="ch.qos.logback.classic.boolex.OnMarkerEvaluator">
                <marker>AUTH</marker>
            </evaluator>
            <onMatch>ACCEPT</onMatch>
            <onMismatch>DENY</onMismatch>
        </filter>
        <rollingPolicy class="ch.qos.logback.core.rolling.TimeBasedRollingPolicy">
            <fileNamePattern>${LOG_FOLDER}/archive/auth_%d{yyyy-MM-dd}.%i.log</fileNamePattern>
            <timeBasedFileNamingAndTriggeringPolicy class="ch.qos.logback.core.rolling.SizeAndTimeBasedFNATP">
                <maxFileSize>5MB</maxFileSize>
            </timeBasedFileNamingAndTriggeringPolicy>
            <!-- keep 30 days' worth of history -->
            <maxHistory>30</maxHistory>
        </rollingPolicy>
        <encoder>
            <pattern>%d{dd/MM HH:mm:ss.SSS, Australia/Melbourne} [%-5level] %logger{5}:%L - %msg%n</pattern>
        </encoder>
    </appender>


    <!-- Development logging -->
    <appender name="DEV" class="ch.qos.logback.core.FileAppender">
        <file>${LOG_FOLDER}/dev.log</file>
        <filter class="ch.qos.logback.core.filter.EvaluatorFilter">
            <evaluator class="ch.qos.logback.classic.boolex.OnMarkerEvaluator">
                <marker>DEV</marker>
            </evaluator>
            <onMatch>ACCEPT</onMatch>
            <onMismatch>DENY</onMismatch>
        </filter>
        <encoder>
            <pattern>%d{dd/MM HH:mm:ss.SSS, Australia/Melbourne} [%-5level] %logger{5}:%L - %msg%n</pattern>
        </encoder>
    </appender>

    <!-- Performance logging -->
    <appender name="PERFORMANCE" class="ch.qos.logback.core.FileAppender">
        <file>${LOG_FOLDER}/performance.log</file>
        <filter class="ch.qos.logback.core.filter.EvaluatorFilter">
            <evaluator class="ch.qos.logback.classic.boolex.OnMarkerEvaluator">
                <marker>PERFORMANCE</marker>
            </evaluator>
            <onMatch>ACCEPT</onMatch>
            <onMismatch>DENY</onMismatch>
        </filter>
        <encoder>
            <pattern>[%d{dd/MM HH:mm:ss.SSS, Australia/Melbourne}] %msg%n</pattern>
        </encoder>
    </appender>
    
    
    <appender name="STATS" class="ch.qos.logback.core.rolling.RollingFileAppender">
        <file>${LOG_FOLDER}/stats.log</file>
        <filter class="ch.qos.logback.core.filter.EvaluatorFilter">
            <evaluator class="ch.qos.logback.classic.boolex.OnMarkerEvaluator">
                <marker>STATS</marker>
            </evaluator>
            <onMatch>ACCEPT</onMatch>
            <onMismatch>DENY</onMismatch>
        </filter>
        <rollingPolicy class="ch.qos.logback.core.rolling.TimeBasedRollingPolicy">
            <fileNamePattern>${LOG_FOLDER}/archive/stats_%d{yyyy-ww}.log.gz</fileNamePattern>
            <timeBasedFileNamingAndTriggeringPolicy class="ch.qos.logback.core.rolling.DefaultTimeBasedFileNamingAndTriggeringPolicy" />
            <!-- keep 90 days' worth of history -->
            <maxHistory>90</maxHistory>
        </rollingPolicy>
        <encoder>
            <pattern>%d{dd/MM HH:mm:ss.SSS, Australia/Melbourne}, %msg%n</pattern>
        </encoder>
    </appender>

    <!-- Development logging -->
    <appender name="DEV_CONSOLE" class="ch.qos.logback.core.ConsoleAppender">
        <filter class="ch.qos.logback.core.filter.EvaluatorFilter">
            <evaluator class="ch.qos.logback.classic.boolex.OnMarkerEvaluator">
                <marker>DEV</marker>
            </evaluator>
            <onMatch>ACCEPT</onMatch>
            <onMismatch>DENY</onMismatch>
        </filter>
        <encoder>
            <pattern>%d{dd/MM HH:mm:ss.SSS, Australia/Melbourne} [%-5level] %logger{5}:%L - %msg%n</pattern>
        </encoder>
    </appender>


</included>