Project,bg-api,,,,,,,
Directory Scanned,/Users/brunomar/go/src/github.ibm.com/bank-guarantees/bg-api,,,,,,,
Date,2018-10-26T05:54:40.390Z,,,,,,,
CLI Version,2.2.29,,,,,,,
WILD Version,1.0.132,,,,,,,
,,,,,,,,
Name,Version,Need Pedigree Review,Reason,Review Level,License Types,Declared License,License Status,Path
bg-admin,0.1.0,TRUE,New package and not exempt,,,,No license information available,bg-admin/target/bg-admin-0.1.0.jar
bg-auth,0.1.0,TRUE,New package and not exempt,,,,No license information available,bg-auth/target/bg-auth-0.1.0.jar
bg-common,0.1.0,TRUE,New package and not exempt,,,,No license information available,bg-common/target/bg-common-0.1.0.jar
bg-core,0.1.0,TRUE,New package and not exempt,,,,No license information available,bg-core/target/bg-core-0.1.0.jar
bg-couch,0.1.0,TRUE,New package and not exempt,,,,No license information available,bg-couch/target/bg-couch-0.1.0.jar
bg-export-pdf,0.1.0,TRUE,New package and not exempt,,,,No license information available,bg-export-pdf/target/bg-export-pdf-0.1.0.jar
bg-fabric,0.1.0,TRUE,New package and not exempt,,,,No license information available,bg-fabric/target/bg-fabric-0.1.0.jar
bg-issuer-api,0.1.0,TRUE,New package and not exempt,,,,No license information available,bg-issuer-api/target/bg-issuer-api-0.1.0.jar
HdrHistogram,2.1.10,FALSE,Exempt - Version closely related to 2.1.9,2,,BSD-2-Clause|CC0-1.0,Needs Review | Reference Only,bg-issuer-api/target/bg-issuer-api-0.1.0.jar/BOOT-INF/lib/HdrHistogram-2.1.10.jar
LatencyUtils,2.0.3,FALSE,Previously pedigree reviewed,2,,CC0-1.0,Approved | Reference Only,bg-issuer-api/target/bg-issuer-api-0.1.0.jar/BOOT-INF/lib/LatencyUtils-2.0.3.jar
accessors-smart,1.2,FALSE,Previously pedigree reviewed,2,,Apache-2.0,Approved | Reference Only,bg-issuer-api/target/bg-issuer-api-0.1.0.jar/BOOT-INF/lib/accessors-smart-1.2.jar
activation,1.1,FALSE,Previously pedigree reviewed,2,,,No license information available,bg-issuer-api/target/bg-issuer-api-0.1.0.jar/BOOT-INF/lib/activation-1.1.jar
amqp-client,5.1.2,TRUE,New version and not exempt,,,Apache-2.0|GPL-2.0|MPL-1.1,Needs Review | Reference Only,bg-issuer-api/target/bg-issuer-api-0.1.0.jar/BOOT-INF/lib/amqp-client-5.1.2.jar
annotations,1.3.2,FALSE,Previously pedigree reviewed,3.1,,,No license information available,bg-issuer-api/target/bg-issuer-api-0.1.0.jar/BOOT-INF/lib/annotations-1.3.2.jar
apache-el,8.5.24.2,FALSE,Exempt - Expected license matched,2,,Apache-2.0,Approved | Reference Only,bg-issuer-api/target/bg-issuer-api-0.1.0.jar/BOOT-INF/lib/apache-el-8.5.24.2.jar
asm,6,TRUE,New version and not exempt,,,,No license information available,bg-issuer-api/target/bg-issuer-api-0.1.0.jar/BOOT-INF/lib/asm-6.0.jar
asm-commons,6,FALSE,Previously pedigree reviewed,2,,,No license information available,bg-issuer-api/target/bg-issuer-api-0.1.0.jar/BOOT-INF/lib/asm-commons-6.0.jar
asm-debug-all,5.2,FALSE,Previously pedigree reviewed,2,,,No license information available,bg-issuer-api/target/bg-issuer-api-0.1.0.jar/BOOT-INF/lib/asm-debug-all-5.2.jar
asm-tree,6,FALSE,Previously pedigree reviewed,2,,,No license information available,bg-issuer-api/target/bg-issuer-api-0.1.0.jar/BOOT-INF/lib/asm-tree-6.0.jar
backport-util-concurrent,3.1,FALSE,Previously pedigree reviewed,2,,,No license information available,bg-issuer-api/target/bg-issuer-api-0.1.0.jar/BOOT-INF/lib/backport-util-concurrent-3.1.jar
bcpkix-jdk15on,1.6,FALSE,Previously pedigree reviewed,2,,,No license information available,bg-issuer-api/target/bg-issuer-api-0.1.0.jar/BOOT-INF/lib/bcpkix-jdk15on-1.60.jar
bcprov-jdk15on,1.6,FALSE,Previously pedigree reviewed,2,,,No license information available,bg-issuer-api/target/bg-issuer-api-0.1.0.jar/BOOT-INF/lib/bcprov-jdk15on-1.60.jar
byte-buddy,1.7.11,FALSE,Exempt - Version closely related to 1.7.4,2,,Apache-2.0,Approved | Reference Only,bg-issuer-api/target/bg-issuer-api-0.1.0.jar/BOOT-INF/lib/byte-buddy-1.7.11.jar
byte-buddy-agent,1.7.11,FALSE,Previously pedigree reviewed,2,,Apache-2.0,Approved | Reference Only,bg-issuer-api/target/bg-issuer-api-0.1.0.jar/BOOT-INF/lib/byte-buddy-agent-1.7.11.jar
chaincode-guarantee-model,0.1.0,TRUE,New package and not exempt,,,,No license information available,bg-issuer-api/target/bg-issuer-api-0.1.0.jar/BOOT-INF/lib/chaincode-guarantee-model-0.1.0.jar
chaincode-profile-model,0.1.0,TRUE,New package and not exempt,,,,No license information available,bg-issuer-api/target/bg-issuer-api-0.1.0.jar/BOOT-INF/lib/chaincode-profile-model-0.1.0.jar
classmate,1.3.4,FALSE,Exempt - Version closely related to 1.3.3,2,,Apache-2.0,Approved | Reference Only,bg-issuer-api/target/bg-issuer-api-0.1.0.jar/BOOT-INF/lib/classmate-1.3.4.jar
classworlds,1.1.alpha,FALSE,Exempt - Version closely related to 1.1,2,,,No license information available,bg-issuer-api/target/bg-issuer-api-0.1.0.jar/BOOT-INF/lib/classworlds-1.1-alpha-2.jar
commons-beanutils,1.9.3,FALSE,Exempt - Trusted Community,2,,Apache-2.0,Approved | Reference Only,bg-issuer-api/target/bg-issuer-api-0.1.0.jar/BOOT-INF/lib/commons-beanutils-1.9.3.jar
commons-cli,1.4,FALSE,Exempt - Trusted Community,2,,Apache-2.0,Approved | Reference Only,bg-issuer-api/target/bg-issuer-api-0.1.0.jar/BOOT-INF/lib/commons-cli-1.4.jar
commons-codec,1.11,FALSE,Exempt - Trusted Community,2,,Apache-2.0,Approved | Reference Only,bg-issuer-api/target/bg-issuer-api-0.1.0.jar/BOOT-INF/lib/commons-codec-1.11.jar
commons-collections,3.2.2,FALSE,Previously pedigree reviewed,1,,Apache-2.0,Approved | Reference Only,bg-issuer-api/target/bg-issuer-api-0.1.0.jar/BOOT-INF/lib/commons-collections-3.2.2.jar
commons-collections4,4.1,FALSE,Previously pedigree reviewed,2,,Apache-2.0,Approved | Reference Only,bg-issuer-api/target/bg-issuer-api-0.1.0.jar/BOOT-INF/lib/commons-collections4-4.1.jar
commons-compress,1.15,FALSE,Exempt - Trusted Community,2,,Apache-2.0,Approved | Reference Only,bg-issuer-api/target/bg-issuer-api-0.1.0.jar/BOOT-INF/lib/commons-compress-1.15.jar
commons-digester,1.6,FALSE,Exempt - Trusted Community,2,,,No license information available,bg-issuer-api/target/bg-issuer-api-0.1.0.jar/BOOT-INF/lib/commons-digester-1.6.jar
commons-httpclient,3.1,FALSE,Previously pedigree reviewed,2,,,No license information available,bg-issuer-api/target/bg-issuer-api-0.1.0.jar/BOOT-INF/lib/commons-httpclient-3.1.jar
commons-io,2.6,FALSE,Exempt - Trusted Community,2,,Apache-2.0,Approved | Reference Only,bg-issuer-api/target/bg-issuer-api-0.1.0.jar/BOOT-INF/lib/commons-io-2.6.jar
commons-lang,2.6,FALSE,Previously pedigree reviewed,1,,Apache-2.0,Approved | Reference Only,bg-issuer-api/target/bg-issuer-api-0.1.0.jar/BOOT-INF/lib/commons-lang-2.6.jar
commons-lang3,3.7,FALSE,Previously pedigree reviewed,2,,Apache-2.0,Approved | Reference Only,bg-issuer-api/target/bg-issuer-api-0.1.0.jar/BOOT-INF/lib/commons-lang3-3.7.jar
commons-logging,1.2,FALSE,Previously pedigree reviewed,1,,Apache-2.0,Approved | Reference Only,bg-issuer-api/target/bg-issuer-api-0.1.0.jar/BOOT-INF/lib/commons-logging-1.2.jar
commons-text,1.3,FALSE,Previously pedigree reviewed,2,,Apache-2.0,Approved | Reference Only,bg-issuer-api/target/bg-issuer-api-0.1.0.jar/BOOT-INF/lib/commons-text-1.3.jar
commons-validator,1.2.0,FALSE,Exempt - Trusted Community,2,,,No license information available,bg-issuer-api/target/bg-issuer-api-0.1.0.jar/BOOT-INF/lib/commons-validator-1.2.0.jar
doxia-core,1.1.2,TRUE,New version and not exempt,,,,No license information available,bg-issuer-api/target/bg-issuer-api-0.1.0.jar/BOOT-INF/lib/doxia-core-1.1.2.jar
doxia-decoration-model,1.1.2,FALSE,Previously pedigree reviewed,2,,,No license information available,bg-issuer-api/target/bg-issuer-api-0.1.0.jar/BOOT-INF/lib/doxia-decoration-model-1.1.2.jar
doxia-logging-api,1.1,TRUE,New version and not exempt,,,,No license information available,bg-issuer-api/target/bg-issuer-api-0.1.0.jar/BOOT-INF/lib/doxia-logging-api-1.1.jar
doxia-module-fml,1.1.2,TRUE,New version and not exempt,,,,No license information available,bg-issuer-api/target/bg-issuer-api-0.1.0.jar/BOOT-INF/lib/doxia-module-fml-1.1.2.jar
doxia-module-xhtml,1.1.2,TRUE,New version and not exempt,,,,No license information available,bg-issuer-api/target/bg-issuer-api-0.1.0.jar/BOOT-INF/lib/doxia-module-xhtml-1.1.2.jar
doxia-sink-api,1.1,TRUE,New version and not exempt,,,,No license information available,bg-issuer-api/target/bg-issuer-api-0.1.0.jar/BOOT-INF/lib/doxia-sink-api-1.1.jar
doxia-site-renderer,1.1.2,FALSE,Previously pedigree reviewed,2,,,No license information available,bg-issuer-api/target/bg-issuer-api-0.1.0.jar/BOOT-INF/lib/doxia-site-renderer-1.1.2.jar
error_prone_annotations,2.1.2,FALSE,Exempt - Version closely related to 2.1.1,2,,Apache-2.0,Approved | Reference Only,bg-issuer-api/target/bg-issuer-api-0.1.0.jar/BOOT-INF/lib/error_prone_annotations-2.1.2.jar
fabric-sdk-java,1.1.0.alpha,FALSE,Exempt - Expected license matched,2,,Apache-2.0,Approved | Reference Only,bg-issuer-api/target/bg-issuer-api-0.1.0.jar/BOOT-INF/lib/fabric-sdk-java-1.1.0-alpha.jar
file-management,1.2.1,FALSE,Previously pedigree reviewed,2,,,No license information available,bg-issuer-api/target/bg-issuer-api-0.1.0.jar/BOOT-INF/lib/file-management-1.2.1.jar
fontbox,2.0.4,FALSE,Exempt - Version closely related to 2.0.2,2,,Apache-2.0,Approved | Reference Only,bg-issuer-api/target/bg-issuer-api-0.1.0.jar/BOOT-INF/lib/fontbox-2.0.4.jar
grpc-core,1.9.0,FALSE,Exempt - Version closely related to 1.9.1,2,,,No license information available,bg-issuer-api/target/bg-issuer-api-0.1.0.jar/BOOT-INF/lib/grpc-core-1.9.0.jar
gson,2.8.2,FALSE,Exempt - Version closely related to 2.8.0,2,,,No license information available,bg-issuer-api/target/bg-issuer-api-0.1.0.jar/BOOT-INF/lib/gson-2.8.2.jar
guava,18,FALSE,Previously pedigree reviewed,2,,Apache-2.0,Approved | Reference Only,bg-issuer-api/target/bg-issuer-api-0.1.0.jar/BOOT-INF/lib/guava-18.0.jar
hibernate-validator,6.0.9,FALSE,Exempt - Version closely related to 6.0.9.final,2,,Apache-2.0,Approved | Reference Only,bg-issuer-api/target/bg-issuer-api-0.1.0.jar/BOOT-INF/lib/hibernate-validator-6.0.9.Final.jar
httpclient,4.3,FALSE,Exempt - Version closely related to 4.3.6,2,,,No license information available,bg-issuer-api/target/bg-issuer-api-0.1.0.jar/BOOT-INF/lib/httpclient-4.3.jar
httpcore,4.4.9,FALSE,Exempt - Version closely related to 4.4.5,2,,,No license information available,bg-issuer-api/target/bg-issuer-api-0.1.0.jar/BOOT-INF/lib/httpcore-4.4.9.jar
instrumentation-api,0.4.3,FALSE,Exempt - Version closely related to 0.4.2,2,,,No license information available,bg-issuer-api/target/bg-issuer-api-0.1.0.jar/BOOT-INF/lib/instrumentation-api-0.4.3.jar
jackson-annotations,2.9.0,FALSE,Exempt - Version closely related to 2.9.0.pr3,2,,Apache-2.0,Approved | Reference Only,bg-issuer-api/target/bg-issuer-api-0.1.0.jar/BOOT-INF/lib/jackson-annotations-2.9.0.jar
jackson-core,2.9.5,FALSE,Exempt - Version closely related to 2.9.4,2,,Apache-2.0,Approved | Reference Only,bg-issuer-api/target/bg-issuer-api-0.1.0.jar/BOOT-INF/lib/jackson-core-2.9.5.jar
jackson-databind,2.9.5,FALSE,Previously pedigree reviewed,2,,Apache-2.0,Approved | Reference Only,bg-issuer-api/target/bg-issuer-api-0.1.0.jar/BOOT-INF/lib/jackson-databind-2.9.5.jar
jacoco-maven-plugin,0.7.9,TRUE,New version and not exempt,,,,No license information available,bg-issuer-api/target/bg-issuer-api-0.1.0.jar/BOOT-INF/lib/jacoco-maven-plugin-0.7.9.jar
janino,2.5.10,FALSE,Previously pedigree reviewed,2,,,No license information available,bg-issuer-api/target/bg-issuer-api-0.1.0.jar/BOOT-INF/lib/janino-2.5.10.jar
jasypt,1.9.2,FALSE,Previously pedigree reviewed,2,,Apache-2.0,Approved | Reference Only,bg-issuer-api/target/bg-issuer-api-0.1.0.jar/BOOT-INF/lib/jasypt-1.9.2.jar
jasypt-spring-boot,2.0.0,TRUE,New version and not exempt,,,,No license information available,bg-issuer-api/target/bg-issuer-api-0.1.0.jar/BOOT-INF/lib/jasypt-spring-boot-2.0.0.jar
jasypt-spring-boot-starter,2.0.0,TRUE,New version and not exempt,,,,No license information available,bg-issuer-api/target/bg-issuer-api-0.1.0.jar/BOOT-INF/lib/jasypt-spring-boot-starter-2.0.0.jar
javax-websocket-client-impl,9.4.9.v20180320,FALSE,Exempt - Version closely related to 9.4.5,2,,Apache-2.0,Approved | Reference Only,bg-issuer-api/target/bg-issuer-api-0.1.0.jar/BOOT-INF/lib/javax-websocket-client-impl-9.4.9.v20180320.jar
javax.annotation-api,1.3.2,FALSE,Exempt - Version closely related to 1.3.1,2,,GPL-2.0,Needs Legal Approval | Reference Only,bg-issuer-api/target/bg-issuer-api-0.1.0.jar/BOOT-INF/lib/javax.annotation-api-1.3.2.jar
javax.inject-1,1,FALSE,Previously pedigree reviewed,2,,,No license information available,bg-issuer-api/target/bg-issuer-api-0.1.0.jar/BOOT-INF/lib/javax.inject-1.jar
javax.json,1.1.2,FALSE,Previously pedigree reviewed,2,,,No license information available,bg-issuer-api/target/bg-issuer-api-0.1.0.jar/BOOT-INF/lib/javax.json-1.1.2.jar
javax.json-api,1.1.2,FALSE,Exempt - Version closely related to 1.1,2,,,No license information available,bg-issuer-api/target/bg-issuer-api-0.1.0.jar/BOOT-INF/lib/javax.json-api-1.1.2.jar
javax.servlet-api,3.1.0,FALSE,Previously pedigree reviewed,2,,GPL-2.0,Needs Legal Approval | Reference Only,bg-issuer-api/target/bg-issuer-api-0.1.0.jar/BOOT-INF/lib/javax.servlet-api-3.1.0.jar
javax.websocket-api,1,FALSE,Previously pedigree reviewed,2,,,No license information available,bg-issuer-api/target/bg-issuer-api-0.1.0.jar/BOOT-INF/lib/javax.websocket-api-1.0.jar
javax.ws.rs-api,2.1.m09,FALSE,Exempt - Version closely related to 2.1,2,,,No license information available,bg-issuer-api/target/bg-issuer-api-0.1.0.jar/BOOT-INF/lib/javax.ws.rs-api-2.1-m09.jar
jboss-logging,3.3.2,FALSE,Exempt - Version closely related to 3.3.0.final,2,,Apache-2.0,Approved | Reference Only,bg-issuer-api/target/bg-issuer-api-0.1.0.jar/BOOT-INF/lib/jboss-logging-3.3.2.Final.jar
jcip-annotations,1.0.1,FALSE,Exempt - Version closely related to 1.0,2,,Apache-2.0,Approved | Reference Only,bg-issuer-api/target/bg-issuer-api-0.1.0.jar/BOOT-INF/lib/jcip-annotations-1.0-1.jar
jcl-over-slf4j,1.7.25,FALSE,Previously pedigree reviewed,2,,,No license information available,bg-issuer-api/target/bg-issuer-api-0.1.0.jar/BOOT-INF/lib/jcl-over-slf4j-1.7.25.jar
jetty-io,9.4.9.v20180320,FALSE,Exempt - Version closely related to 9.4.6,2,,Apache-2.0,Approved | Reference Only,bg-issuer-api/target/bg-issuer-api-0.1.0.jar/BOOT-INF/lib/jetty-io-9.4.9.v20180320.jar
jetty-xml,9.4.9.v20180320,FALSE,Exempt - Version closely related to 9.4.6.v20170531,2,,Apache-2.0,Approved | Reference Only,bg-issuer-api/target/bg-issuer-api-0.1.0.jar/BOOT-INF/lib/jetty-xml-9.4.9.v20180320.jar
jjwt,0.9.0,FALSE,Previously pedigree reviewed,2,,Apache-2.0,Approved | Reference Only,bg-issuer-api/target/bg-issuer-api-0.1.0.jar/BOOT-INF/lib/jjwt-0.9.0.jar
json-smart,2.3,FALSE,Previously pedigree reviewed,2,,Apache-2.0,Approved | Reference Only,bg-issuer-api/target/bg-issuer-api-0.1.0.jar/BOOT-INF/lib/json-smart-2.3.jar
jsr305,3.0.0,FALSE,Previously pedigree reviewed,2,,,No license information available,bg-issuer-api/target/bg-issuer-api-0.1.0.jar/BOOT-INF/lib/jsr305-3.0.0.jar
jul-to-slf4j,1.7.25,FALSE,Previously pedigree reviewed,2,,,No license information available,bg-issuer-api/target/bg-issuer-api-0.1.0.jar/BOOT-INF/lib/jul-to-slf4j-1.7.25.jar
lang-tag,1.4.4,FALSE,Exempt - Version closely related to 1.4,2,,Apache-2.0,Approved | Reference Only,bg-issuer-api/target/bg-issuer-api-0.1.0.jar/BOOT-INF/lib/lang-tag-1.4.4.jar
logback-core,1.2.3,FALSE,Previously pedigree reviewed,2,,EPL-1.0|LGPL-2.1,Needs Review | Reference Only,bg-issuer-api/target/bg-issuer-api-0.1.0.jar/BOOT-INF/lib/logback-core-1.2.3.jar
mail,1.4.7,FALSE,Previously pedigree reviewed,2,,,No license information available,bg-issuer-api/target/bg-issuer-api-0.1.0.jar/BOOT-INF/lib/mail-1.4.7.jar
maven-artifact,2.2.1,FALSE,Previously pedigree reviewed,2,,,No license information available,bg-issuer-api/target/bg-issuer-api-0.1.0.jar/BOOT-INF/lib/maven-artifact-2.2.1.jar
maven-artifact-manager,2.2.1,FALSE,Previously pedigree reviewed,2,,,No license information available,bg-issuer-api/target/bg-issuer-api-0.1.0.jar/BOOT-INF/lib/maven-artifact-manager-2.2.1.jar
maven-model,2.2.1,FALSE,Previously pedigree reviewed,2,,,No license information available,bg-issuer-api/target/bg-issuer-api-0.1.0.jar/BOOT-INF/lib/maven-model-2.2.1.jar
maven-plugin-api,2.2.1,FALSE,Previously pedigree reviewed,2,,,No license information available,bg-issuer-api/target/bg-issuer-api-0.1.0.jar/BOOT-INF/lib/maven-plugin-api-2.2.1.jar
maven-plugin-registry,2.2.1,FALSE,Previously pedigree reviewed,2,,,No license information available,bg-issuer-api/target/bg-issuer-api-0.1.0.jar/BOOT-INF/lib/maven-plugin-registry-2.2.1.jar
maven-profile,2.2.1,FALSE,Previously pedigree reviewed,2,,,No license information available,bg-issuer-api/target/bg-issuer-api-0.1.0.jar/BOOT-INF/lib/maven-profile-2.2.1.jar
maven-project,2.2.1,FALSE,Previously pedigree reviewed,2,,,No license information available,bg-issuer-api/target/bg-issuer-api-0.1.0.jar/BOOT-INF/lib/maven-project-2.2.1.jar
maven-reporting-api,2.2.1,TRUE,New version and not exempt,,,,No license information available,bg-issuer-api/target/bg-issuer-api-0.1.0.jar/BOOT-INF/lib/maven-reporting-api-2.2.1.jar
maven-reporting-impl,2.1,FALSE,Previously pedigree reviewed,2,,,No license information available,bg-issuer-api/target/bg-issuer-api-0.1.0.jar/BOOT-INF/lib/maven-reporting-impl-2.1.jar
maven-repository-metadata,2.2.1,TRUE,New version and not exempt,,,,No license information available,bg-issuer-api/target/bg-issuer-api-0.1.0.jar/BOOT-INF/lib/maven-repository-metadata-2.2.1.jar
maven-settings,2.2.1,TRUE,New version and not exempt,,,,No license information available,bg-issuer-api/target/bg-issuer-api-0.1.0.jar/BOOT-INF/lib/maven-settings-2.2.1.jar
maven-shared-io,1.1,FALSE,Previously pedigree reviewed,2,,,No license information available,bg-issuer-api/target/bg-issuer-api-0.1.0.jar/BOOT-INF/lib/maven-shared-io-1.1.jar
micrometer-core,1.0.3,FALSE,Exempt - Version closely related to 1.0.0-rc8,2,,,No license information available,bg-issuer-api/target/bg-issuer-api-0.1.0.jar/BOOT-INF/lib/micrometer-core-1.0.3.jar
mockito-core,2.15.0,FALSE,Previously pedigree reviewed,2,,,No license information available,bg-issuer-api/target/bg-issuer-api-0.1.0.jar/BOOT-INF/lib/mockito-core-2.15.0.jar
netty-codec,4.1.23,FALSE,Exempt - Version closely related to 4.1.6.final,2,,Apache-2.0,Approved | Reference Only,bg-issuer-api/target/bg-issuer-api-0.1.0.jar/BOOT-INF/lib/netty-codec-4.1.23.Final.jar
netty-tcnative-boringssl-static,2.0.7,FALSE,Exempt - Version closely related to 2.0.3.final,2,,Apache-2.0,Approved | Reference Only,bg-issuer-api/target/bg-issuer-api-0.1.0.jar/BOOT-INF/lib/netty-tcnative-boringssl-static-2.0.7.Final.jar
nimbus-jose-jwt,6.1.1,FALSE,Exempt - Expected license matched,2,,Apache-2.0,Approved | Reference Only,bg-issuer-api/target/bg-issuer-api-0.1.0.jar/BOOT-INF/lib/nimbus-jose-jwt-6.1.1.jar
oauth2-oidc-sdk,5.64.2,FALSE,Exempt - Expected license matched,2,,Apache-2.0,Approved | Reference Only,bg-issuer-api/target/bg-issuer-api-0.1.0.jar/BOOT-INF/lib/oauth2-oidc-sdk-5.64.2.jar
objenesis,2.6,FALSE,Previously pedigree reviewed,2,,Apache-2.0,Approved | Reference Only,bg-issuer-api/target/bg-issuer-api-0.1.0.jar/BOOT-INF/lib/objenesis-2.6.jar
opencensus-api,0.10.0,FALSE,Previously pedigree reviewed,2,,,No license information available,bg-issuer-api/target/bg-issuer-api-0.1.0.jar/BOOT-INF/lib/opencensus-api-0.10.0.jar
opencensus-contrib-grpc-metrics,0.10.0,FALSE,Previously pedigree reviewed,2,,,No license information available,bg-issuer-api/target/bg-issuer-api-0.1.0.jar/BOOT-INF/lib/opencensus-contrib-grpc-metrics-0.10.0.jar
opencsv,4.2,FALSE,Exempt - Expected license matched,2,,Apache-2.0,Approved | Reference Only,bg-issuer-api/target/bg-issuer-api-0.1.0.jar/BOOT-INF/lib/opencsv-4.2.jar
ektorp,1.5.0,FALSE,Previously pedigree reviewed,2,,,No license information available,bg-issuer-api/target/bg-issuer-api-0.1.0.jar/BOOT-INF/lib/org.ektorp-1.5.0.jar
org.jacoco.agent,0.7.9,FALSE,Exempt - Version closely related to 0.7.6.201602180812,2,,,No license information available,bg-issuer-api/target/bg-issuer-api-0.1.0.jar/BOOT-INF/lib/org.jacoco.agent-0.7.9-runtime.jar
jacoco.core,0.7.9,TRUE,New package and not exempt,,,EPL-1.0,Approved | Reference Only,bg-issuer-api/target/bg-issuer-api-0.1.0.jar/BOOT-INF/lib/org.jacoco.core-0.7.9.jar
jacoco.report,0.7.9,TRUE,New package and not exempt,,,EPL-1.0,Approved | Reference Only,bg-issuer-api/target/bg-issuer-api-0.1.0.jar/BOOT-INF/lib/org.jacoco.report-0.7.9.jar
oro,2.0.8,FALSE,Previously pedigree reviewed,1,,,No license information available,bg-issuer-api/target/bg-issuer-api-0.1.0.jar/BOOT-INF/lib/oro-2.0.8.jar
pdfbox,2.0.4,FALSE,Exempt - Trusted Community,2,,Apache-2.0,Approved | Reference Only,bg-issuer-api/target/bg-issuer-api-0.1.0.jar/BOOT-INF/lib/pdfbox-2.0.4.jar
plexus-container-default,1.0.alpha,TRUE,New version and not exempt,,,,No license information available,bg-issuer-api/target/bg-issuer-api-0.1.0.jar/BOOT-INF/lib/plexus-container-default-1.0-alpha-9-stable-1.jar
plexus-i18n,1.0.beta,FALSE,Exempt - Version closely related to 1.0.beta-7,2,,,No license information available,bg-issuer-api/target/bg-issuer-api-0.1.0.jar/BOOT-INF/lib/plexus-i18n-1.0-beta-7.jar
plexus-interpolation,1.11,FALSE,Previously pedigree reviewed,2,,,No license information available,bg-issuer-api/target/bg-issuer-api-0.1.0.jar/BOOT-INF/lib/plexus-interpolation-1.11.jar
plexus-utils,3.0.22,FALSE,Exempt - Version closely related to 3.0.24,2,,,No license information available,bg-issuer-api/target/bg-issuer-api-0.1.0.jar/BOOT-INF/lib/plexus-utils-3.0.22.jar
plexus-velocity,1.1.7,FALSE,Exempt - Version closely related to 1.1.8,2,,,No license information available,bg-issuer-api/target/bg-issuer-api-0.1.0.jar/BOOT-INF/lib/plexus-velocity-1.1.7.jar
proto-google-common-protos,1.0.0,FALSE,Previously pedigree reviewed,2,,,No license information available,bg-issuer-api/target/bg-issuer-api-0.1.0.jar/BOOT-INF/lib/proto-google-common-protos-1.0.0.jar
protobuf-java,3.5.0,FALSE,Exempt - Version closely related to 3.5.1,2,,BSD-3-Clause,Approved | Reference Only,bg-issuer-api/target/bg-issuer-api-0.1.0.jar/BOOT-INF/lib/protobuf-java-3.5.0.jar
protobuf-java-util,3.5.1,TRUE,New version and not exempt,,,BSD-3-Clause,Approved | Reference Only,bg-issuer-api/target/bg-issuer-api-0.1.0.jar/BOOT-INF/lib/protobuf-java-util-3.5.1.jar
slf4j-api,1.7.25,FALSE,Exempt - Version closely related to 1.7.21,2,,,No license information available,bg-issuer-api/target/bg-issuer-api-0.1.0.jar/BOOT-INF/lib/slf4j-api-1.7.25.jar
snakeyaml,1.19,FALSE,Previously pedigree reviewed,2,,Apache-2.0,Approved | Reference Only,bg-issuer-api/target/bg-issuer-api-0.1.0.jar/BOOT-INF/lib/snakeyaml-1.19.jar
spring-aop,5.0.5,FALSE,Exempt - Version closely related to 5.0.6.release,2,,,No license information available,bg-issuer-api/target/bg-issuer-api-0.1.0.jar/BOOT-INF/lib/spring-aop-5.0.5.RELEASE.jar
spring-beans,5.0.5,FALSE,Exempt - Version closely related to 5.0.6.release,2,,,No license information available,bg-issuer-api/target/bg-issuer-api-0.1.0.jar/BOOT-INF/lib/spring-beans-5.0.5.RELEASE.jar
spring-boot,2.0.1,FALSE,Exempt - Version closely related to 2.0.3.release,2,,,No license information available,bg-issuer-api/target/bg-issuer-api-0.1.0.jar/BOOT-INF/lib/spring-boot-2.0.1.RELEASE.jar
spring-boot-actuator,2.0.1,FALSE,Exempt - Version closely related to 2.0.1.release,2,,,No license information available,bg-issuer-api/target/bg-issuer-api-0.1.0.jar/BOOT-INF/lib/spring-boot-actuator-2.0.1.RELEASE.jar
spring-boot-actuator-autoconfigure,2.0.1,FALSE,Exempt - Version closely related to 2.0.1.release,2,,,No license information available,bg-issuer-api/target/bg-issuer-api-0.1.0.jar/BOOT-INF/lib/spring-boot-actuator-autoconfigure-2.0.1.RELEASE.jar
spring-boot-autoconfigure,2.0.1,FALSE,Previously pedigree reviewed,2,,,No license information available,bg-issuer-api/target/bg-issuer-api-0.1.0.jar/BOOT-INF/lib/spring-boot-autoconfigure-2.0.1.RELEASE.jar
spring-boot-starter,2.0.1,FALSE,Previously pedigree reviewed,2,,,No license information available,bg-issuer-api/target/bg-issuer-api-0.1.0.jar/BOOT-INF/lib/spring-boot-starter-2.0.1.RELEASE.jar
spring-boot-starter-actuator,2.0.1,FALSE,Exempt - Version closely related to 2.0.1.release,2,,,No license information available,bg-issuer-api/target/bg-issuer-api-0.1.0.jar/BOOT-INF/lib/spring-boot-starter-actuator-2.0.1.RELEASE.jar
spring-boot-starter-jetty,2.0.1,TRUE,New version and not exempt,,,,No license information available,bg-issuer-api/target/bg-issuer-api-0.1.0.jar/BOOT-INF/lib/spring-boot-starter-jetty-2.0.1.RELEASE.jar
spring-boot-starter-json,2.0.1,FALSE,Exempt - Version closely related to 2.0.1.release,2,,,No license information available,bg-issuer-api/target/bg-issuer-api-0.1.0.jar/BOOT-INF/lib/spring-boot-starter-json-2.0.1.RELEASE.jar
spring-boot-starter-logging,2.0.1,FALSE,Previously pedigree reviewed,2,,,No license information available,bg-issuer-api/target/bg-issuer-api-0.1.0.jar/BOOT-INF/lib/spring-boot-starter-logging-2.0.1.RELEASE.jar
spring-boot-starter-security,2.0.1,FALSE,Exempt - Version closely related to 2.0.1.release,2,,,No license information available,bg-issuer-api/target/bg-issuer-api-0.1.0.jar/BOOT-INF/lib/spring-boot-starter-security-2.0.1.RELEASE.jar
spring-boot-starter-web,2.0.1,FALSE,Exempt - Version closely related to 2.0.0.release,2,,,No license information available,bg-issuer-api/target/bg-issuer-api-0.1.0.jar/BOOT-INF/lib/spring-boot-starter-web-2.0.1.RELEASE.jar
spring-context,5.0.5,FALSE,Exempt - Version closely related to 5.0.6.release,2,,,No license information available,bg-issuer-api/target/bg-issuer-api-0.1.0.jar/BOOT-INF/lib/spring-context-5.0.5.RELEASE.jar
springsource_spring_framework,5.0.5,TRUE,New package and not exempt,,,,No license information available,bg-issuer-api/target/bg-issuer-api-0.1.0.jar/BOOT-INF/lib/spring-core-5.0.5.RELEASE.jar
spring-expression,5.0.5,FALSE,Exempt - Version closely related to 5.0.3,2,,,No license information available,bg-issuer-api/target/bg-issuer-api-0.1.0.jar/BOOT-INF/lib/spring-expression-5.0.5.RELEASE.jar
spring-jcl,5.0.5,FALSE,Exempt - Version closely related to 5.0.3,2,,,No license information available,bg-issuer-api/target/bg-issuer-api-0.1.0.jar/BOOT-INF/lib/spring-jcl-5.0.5.RELEASE.jar
spring-plugin-core,1.2.0,FALSE,Previously pedigree reviewed,2,,,No license information available,bg-issuer-api/target/bg-issuer-api-0.1.0.jar/BOOT-INF/lib/spring-plugin-core-1.2.0.RELEASE.jar
spring-plugin-metadata,1.2.0,FALSE,Previously pedigree reviewed,2,,,No license information available,bg-issuer-api/target/bg-issuer-api-0.1.0.jar/BOOT-INF/lib/spring-plugin-metadata-1.2.0.RELEASE.jar
spring-security-config,5.0.4,FALSE,Exempt - Version closely related to 5.0.0,2,,,No license information available,bg-issuer-api/target/bg-issuer-api-0.1.0.jar/BOOT-INF/lib/spring-security-config-5.0.4.RELEASE.jar
spring-security-core,5.0.4,FALSE,Exempt - Version closely related to 5.0.1.release,2,,,No license information available,bg-issuer-api/target/bg-issuer-api-0.1.0.jar/BOOT-INF/lib/spring-security-core-5.0.4.RELEASE.jar
spring-security-web,5.0.4,FALSE,Exempt - Version closely related to 5.0.0,2,,,No license information available,bg-issuer-api/target/bg-issuer-api-0.1.0.jar/BOOT-INF/lib/spring-security-web-5.0.4.RELEASE.jar
spring-web,5.0.5,FALSE,Exempt - Version closely related to 5.0.1.release,2,,,No license information available,bg-issuer-api/target/bg-issuer-api-0.1.0.jar/BOOT-INF/lib/spring-web-5.0.5.RELEASE.jar
spring-webmvc,5.0.5,FALSE,Exempt - Version closely related to 5.0.5.release,2,,,No license information available,bg-issuer-api/target/bg-issuer-api-0.1.0.jar/BOOT-INF/lib/spring-webmvc-5.0.5.RELEASE.jar
springfox-core,2.4.0,FALSE,Previously pedigree reviewed,2,,,No license information available,bg-issuer-api/target/bg-issuer-api-0.1.0.jar/BOOT-INF/lib/springfox-core-2.4.0.jar
springfox-schema,2.4.0,FALSE,Previously pedigree reviewed,2,,,No license information available,bg-issuer-api/target/bg-issuer-api-0.1.0.jar/BOOT-INF/lib/springfox-schema-2.4.0.jar
springfox-spi,2.4.0,FALSE,Previously pedigree reviewed,2,,,No license information available,bg-issuer-api/target/bg-issuer-api-0.1.0.jar/BOOT-INF/lib/springfox-spi-2.4.0.jar
springfox-spring-web,2.4.0,FALSE,Previously pedigree reviewed,2,,,No license information available,bg-issuer-api/target/bg-issuer-api-0.1.0.jar/BOOT-INF/lib/springfox-spring-web-2.4.0.jar
springfox-swagger-common,2.4.0,FALSE,Previously pedigree reviewed,2,,,No license information available,bg-issuer-api/target/bg-issuer-api-0.1.0.jar/BOOT-INF/lib/springfox-swagger-common-2.4.0.jar
springfox-swagger-ui,2.4.0,FALSE,Previously pedigree reviewed,2,,,No license information available,bg-issuer-api/target/bg-issuer-api-0.1.0.jar/BOOT-INF/lib/springfox-swagger-ui-2.4.0.jar
springfox-swagger2,2.4.0,FALSE,Previously pedigree reviewed,2,,,No license information available,bg-issuer-api/target/bg-issuer-api-0.1.0.jar/BOOT-INF/lib/springfox-swagger2-2.4.0.jar
swagger-annotations,1.5.6,FALSE,Exempt - Version closely related to 1.5.16,2,,Apache-2.0,Approved | Reference Only,bg-issuer-api/target/bg-issuer-api-0.1.0.jar/BOOT-INF/lib/swagger-annotations-1.5.6.jar
swagger-models,1.5.6,FALSE,Exempt - Version closely related to 1.5.16,2,,Apache-2.0,Approved | Reference Only,bg-issuer-api/target/bg-issuer-api-0.1.0.jar/BOOT-INF/lib/swagger-models-1.5.6.jar
validation-api,2.0.1,FALSE,Exempt - Version closely related to 2.0.1.final,2,,Apache-2.0,Approved | Reference Only,bg-issuer-api/target/bg-issuer-api-0.1.0.jar/BOOT-INF/lib/validation-api-2.0.1.Final.jar
velocity,1.5,FALSE,Exempt - Trusted Community,2,,,No license information available,bg-issuer-api/target/bg-issuer-api-0.1.0.jar/BOOT-INF/lib/velocity-1.5.jar
wagon-provider-api,1.0.beta,FALSE,Exempt - Version closely related to 1.0,2,,,No license information available,bg-issuer-api/target/bg-issuer-api-0.1.0.jar/BOOT-INF/lib/wagon-provider-api-1.0-beta-6.jar
websocket-api,9.4.9.v20180320,FALSE,Exempt - Version closely related to 9.4.5.v20170502,2,,Apache-2.0,Approved | Reference Only,bg-issuer-api/target/bg-issuer-api-0.1.0.jar/BOOT-INF/lib/websocket-api-9.4.9.v20180320.jar
xercesImpl,2.8.1,FALSE,Previously pedigree reviewed,2,,,No license information available,bg-issuer-api/target/bg-issuer-api-0.1.0.jar/BOOT-INF/lib/xercesImpl-2.8.1.jar
xml-apis,1.4.01,FALSE,Previously pedigree reviewed,2,,,No license information available,bg-issuer-api/target/bg-issuer-api-0.1.0.jar/BOOT-INF/lib/xml-apis-1.4.01.jar
bg-keycloak,0.1.0,TRUE,New package and not exempt,,,,No license information available,bg-keycloak/target/bg-keycloak-0.1.0.jar
bg-model,0.1.0,TRUE,New package and not exempt,,,,No license information available,bg-model/target/bg-model-0.1.0.jar
bg-newco-admin-api,0.1.0,TRUE,New package and not exempt,,,,No license information available,bg-newco-admin-api/target/bg-newco-admin-api-0.1.0.jar
grpc-stub,1.9.0,TRUE,New version and not exempt,,,,No license information available,bg-newco-admin-api/target/bg-newco-admin-api-0.1.0.jar/BOOT-INF/lib/grpc-stub-1.9.0.jar
httpclient-cache,4.3,FALSE,Exempt - Version closely related to 4.3.1,2,,,No license information available,bg-newco-admin-api/target/bg-newco-admin-api-0.1.0.jar/BOOT-INF/lib/httpclient-cache-4.3.jar
jackson-datatype-jdk8,2.9.5,FALSE,Exempt - Version closely related to 2.9.1,2,,Apache-2.0,Approved | Reference Only,bg-newco-admin-api/target/bg-newco-admin-api-0.1.0.jar/BOOT-INF/lib/jackson-datatype-jdk8-2.9.5.jar
javax-websocket-server-impl,9.4.9.v20180320,FALSE,Exempt - Version closely related to 9.4.5 l2,2,,Apache-2.0,Approved | Reference Only,bg-newco-admin-api/target/bg-newco-admin-api-0.1.0.jar/BOOT-INF/lib/javax-websocket-server-impl-9.4.9.v20180320.jar
jul-to-slf4j,1.7.10,FALSE,Exempt - Version closely related to 1.7.25,2,,,No license information available,bg-newco-admin-api/target/bg-newco-admin-api-0.1.0.jar/BOOT-INF/lib/jul-to-slf4j-1.7.10.jar
log4j-api,2.10.0,FALSE,Previously pedigree reviewed,2,,Apache-2.0,Approved | Reference Only,bg-newco-admin-api/target/bg-newco-admin-api-0.1.0.jar/BOOT-INF/lib/log4j-api-2.10.0.jar
log4j-over-slf4j,1.7.25,FALSE,Exempt - Version closely related to 1.7.16,2,,Apache-2.0,Approved | Reference Only,bg-newco-admin-api/target/bg-newco-admin-api-0.1.0.jar/BOOT-INF/lib/log4j-over-slf4j-1.7.25.jar
log4j-to-slf4j,2.9.1,FALSE,Exempt - Expected license matched,2,,Apache-2.0,Approved | Reference Only,bg-newco-admin-api/target/bg-newco-admin-api-0.1.0.jar/BOOT-INF/lib/log4j-to-slf4j-2.9.1.jar
netty-common,4.1.23,FALSE,Exempt - Version closely related to 4.1.6.final,2,,Apache-2.0,Approved | Reference Only,bg-newco-admin-api/target/bg-newco-admin-api-0.1.0.jar/BOOT-INF/lib/netty-common-4.1.23.Final.jar
websocket-client,9.4.9.v20180320,FALSE,Exempt - Version closely related to 9.4.5.v20170502,2,,Apache-2.0,Approved | Reference Only,bg-newco-admin-api/target/bg-newco-admin-api-0.1.0.jar/BOOT-INF/lib/websocket-client-9.4.9.v20180320.jar
bg-newco-api,0.1.0,TRUE,New package and not exempt,,,,No license information available,bg-newco-api/target/bg-newco-api-0.1.0.jar
jackson-datatype-jsr310,2.9.5,FALSE,Exempt - Version closely related to 2.9.1,2,,Apache-2.0,Approved | Reference Only,bg-newco-api/target/bg-newco-api-0.1.0.jar/BOOT-INF/lib/jackson-datatype-jsr310-2.9.5.jar
netty-handler,4.1.23,FALSE,Exempt - Version closely related to 4.1.6.final,2,,Apache-2.0,Approved | Reference Only,bg-newco-api/target/bg-newco-api-0.1.0.jar/BOOT-INF/lib/netty-handler-4.1.23.Final.jar
websocket-common,9.4.9.v20180320,FALSE,Exempt - Version closely related to 9.4.5.v20170502,2,,Apache-2.0,Approved | Reference Only,bg-newco-api/target/bg-newco-api-0.1.0.jar/BOOT-INF/lib/websocket-common-9.4.9.v20180320.jar
bg-service-api,0.1.0,TRUE,New package and not exempt,,,,No license information available,bg-service-api/target/bg-service-api-0.1.0.jar
commons-collections,3.2,FALSE,Exempt - Trusted Community,2,,,No license information available,bg-service-api/target/bg-service-api-0.1.0.jar/BOOT-INF/lib/commons-collections-3.2.jar
commons-email,1.2,FALSE,Exempt - Trusted Community,2,,Apache-2.0,Approved | Reference Only,bg-service-api/target/bg-service-api-0.1.0.jar/BOOT-INF/lib/commons-email-1.2.jar
commons-io,2.0.1,FALSE,Exempt - Trusted Community,2,,Apache-2.0,Approved | Reference Only,bg-service-api/target/bg-service-api-0.1.0.jar/BOOT-INF/lib/commons-io-2.0.1.jar
jackson-module-parameter-names,2.9.5,FALSE,Exempt - Version closely related to 2.9.1,2,,Apache-2.0,Approved | Reference Only,bg-service-api/target/bg-service-api-0.1.0.jar/BOOT-INF/lib/jackson-module-parameter-names-2.9.5.jar
log4j-to-slf4j,2.10.0,FALSE,Previously pedigree reviewed,2,,Apache-2.0,Approved | Reference Only,bg-service-api/target/bg-service-api-0.1.0.jar/BOOT-INF/lib/log4j-to-slf4j-2.10.0.jar
mail,1.4.1,FALSE,Previously pedigree reviewed,2,,,No license information available,bg-service-api/target/bg-service-api-0.1.0.jar/BOOT-INF/lib/mail-1.4.1.jar
netty-resolver,4.1.23,FALSE,Exempt - Version closely related to 4.1.6.final,2,,Apache-2.0,Approved | Reference Only,bg-service-api/target/bg-service-api-0.1.0.jar/BOOT-INF/lib/netty-resolver-4.1.23.Final.jar
spring-boot-starter-websocket,2.0.1,TRUE,New version and not exempt,,,,No license information available,bg-service-api/target/bg-service-api-0.1.0.jar/BOOT-INF/lib/spring-boot-starter-websocket-2.0.1.RELEASE.jar
spring-messaging,5.0.5,FALSE,Previously pedigree reviewed,2,,,No license information available,bg-service-api/target/bg-service-api-0.1.0.jar/BOOT-INF/lib/spring-messaging-5.0.5.RELEASE.jar
spring-websocket,5.0.5,TRUE,New version and not exempt,,,,No license information available,bg-service-api/target/bg-service-api-0.1.0.jar/BOOT-INF/lib/spring-websocket-5.0.5.RELEASE.jar
websocket-server,9.4.9.v20180320,FALSE,Exempt - Version closely related to 9.4.5,2,,Apache-2.0,Approved | Reference Only,bg-service-api/target/bg-service-api-0.1.0.jar/BOOT-INF/lib/websocket-server-9.4.9.v20180320.jar
bg-service-common,0.1.0,TRUE,New package and not exempt,,,,No license information available,bg-service-common/target/bg-service-common-0.1.0.jar
bg-service-email,0.1.0,TRUE,New package and not exempt,,,,No license information available,bg-service-email/target/bg-service-email-0.1.0.jar
bg-service-impex,0.1.0,TRUE,New package and not exempt,,,,No license information available,bg-service-impex/target/bg-service-impex-0.1.0.jar
bg-service-job,0.1.0,TRUE,New package and not exempt,,,,No license information available,bg-service-job/target/bg-service-job-0.1.0.jar
bg-service-notification,0.1.0,TRUE,New package and not exempt,,,,No license information available,bg-service-notification/target/bg-service-notification-0.1.0.jar
bg-shared-api,0.1.0,TRUE,New package and not exempt,,,,No license information available,bg-shared-api/target/bg-shared-api-0.1.0.jar
bg-transient,0.1.0,TRUE,New package and not exempt,,,,No license information available,bg-transient/target/bg-transient-0.1.0.jar
unknown,unknown,,,,Apache-2.0,,Approved,bg-admin/target/site/jacoco-ut/jacoco-resources/prettify.js
unknown,unknown,,,,EPL-1.0,,Approved,bg-admin/target/site/jacoco-ut/jacoco-resources/sort.js
unknown,unknown,,,,Apache-2.0,,Approved,bg-auth/target/site/jacoco-ut/jacoco-resources/prettify.js
unknown,unknown,,,,EPL-1.0,,Approved,bg-auth/target/site/jacoco-ut/jacoco-resources/sort.js
unknown,unknown,,,,Apache-2.0,,Approved,bg-common/target/site/jacoco-ut/jacoco-resources/prettify.js
unknown,unknown,,,,EPL-1.0,,Approved,bg-common/target/site/jacoco-ut/jacoco-resources/sort.js
unknown,unknown,,,,Apache-2.0,,Approved,bg-core/target/site/jacoco-ut/jacoco-resources/prettify.js
unknown,unknown,,,,EPL-1.0,,Approved,bg-core/target/site/jacoco-ut/jacoco-resources/sort.js
unknown,unknown,,,,Apache-2.0,,Approved,bg-export-pdf/target/site/jacoco-ut/jacoco-resources/prettify.js
unknown,unknown,,,,EPL-1.0,,Approved,bg-export-pdf/target/site/jacoco-ut/jacoco-resources/sort.js
unknown,unknown,,,,Apache-2.0,,Approved,bg-issuer-api/src/main/java/com/ibm/au/bgx/issuer/api/SwaggerConfig.java
unknown,unknown,,,,Apache-2.0,,Approved,bg-issuer-api/target/site/jacoco/com.ibm.au.bgx.issuer.api/SwaggerConfig.java.html
unknown,unknown,,,,Apache-2.0,,Approved,bg-issuer-api/target/site/jacoco/jacoco-resources/prettify.js
unknown,unknown,,,,EPL-1.0,,Approved,bg-issuer-api/target/site/jacoco/jacoco-resources/sort.js
unknown,unknown,,,,Apache-2.0,,Approved,bg-issuer-api/target/site/jacoco-ut/com.ibm.au.bgx.issuer.api/SwaggerConfig.java.html
unknown,unknown,,,,Apache-2.0,,Approved,bg-issuer-api/target/site/jacoco-ut/jacoco-resources/prettify.js
unknown,unknown,,,,EPL-1.0,,Approved,bg-issuer-api/target/site/jacoco-ut/jacoco-resources/sort.js
unknown,unknown,,,,Apache-2.0,,Approved,bg-newco-admin-api/src/main/java/com/ibm/au/bgx/newco/admin/api/SwaggerConfig.java
unknown,unknown,,,,Apache-2.0,,Approved,bg-newco-admin-api/target/site/jacoco/com.ibm.au.bgx.newco.admin.api/SwaggerConfig.java.html
unknown,unknown,,,,Apache-2.0,,Approved,bg-newco-admin-api/target/site/jacoco/jacoco-resources/prettify.js
unknown,unknown,,,,EPL-1.0,,Approved,bg-newco-admin-api/target/site/jacoco/jacoco-resources/sort.js
unknown,unknown,,,,Apache-2.0,,Approved,bg-newco-admin-api/target/site/jacoco-ut/com.ibm.au.bgx.newco.admin.api/SwaggerConfig.java.html
unknown,unknown,,,,Apache-2.0,,Approved,bg-newco-admin-api/target/site/jacoco-ut/jacoco-resources/prettify.js
unknown,unknown,,,,EPL-1.0,,Approved,bg-newco-admin-api/target/site/jacoco-ut/jacoco-resources/sort.js
unknown,unknown,,,,Apache-2.0,,Approved,bg-newco-api/src/main/java/com/ibm/au/bgx/newco/api/SwaggerConfig.java
unknown,unknown,,,,Apache-2.0,,Approved,bg-newco-api/target/site/jacoco/com.ibm.au.bgx.newco.api/SwaggerConfig.java.html
unknown,unknown,,,,Apache-2.0,,Approved,bg-newco-api/target/site/jacoco/jacoco-resources/prettify.js
unknown,unknown,,,,EPL-1.0,,Approved,bg-newco-api/target/site/jacoco/jacoco-resources/sort.js
unknown,unknown,,,,Apache-2.0,,Approved,bg-transient/target/site/jacoco-ut/jacoco-resources/prettify.js
unknown,unknown,,,,EPL-1.0,,Approved,bg-transient/target/site/jacoco-ut/jacoco-resources/sort.js
unknown,unknown,,,,Apache-2.0,,Approved,docker/bg-issuer-api/tomcat/logging.properties
unknown,unknown,,,,Apache-2.0,,Approved,docker/bg-issuer-api/tomcat/server.xml
unknown,unknown,,,,Apache-2.0,,Approved,docker/bg-issuer-api/tomcat/tomcat-users.xml
unknown,unknown,,,,Apache-2.0,,Approved,docker/bg-newco-admin-api/tomcat/logging.properties
unknown,unknown,,,,Apache-2.0,,Approved,docker/bg-newco-admin-api/tomcat/server.xml
unknown,unknown,,,,Apache-2.0,,Approved,docker/bg-newco-admin-api/tomcat/tomcat-users.xml
unknown,unknown,,,,Apache-2.0,,Approved,docker/bg-newco-api/tomcat/logging.properties
unknown,unknown,,,,Apache-2.0,,Approved,docker/bg-newco-api/tomcat/server.xml
unknown,unknown,,,,Apache-2.0,,Approved,docker/bg-newco-api/tomcat/tomcat-users.xml
unknown,unknown,,,,Apache-2.0,,Approved,docker/bg-service-api/tomcat/logging.properties
unknown,unknown,,,,Apache-2.0,,Approved,docker/bg-service-api/tomcat/server.xml
unknown,unknown,,,,Apache-2.0,,Approved,docker/bg-service-api/tomcat/tomcat-users.xml