{
  "entityName": "Lygon",
  "entityType": "CONSORTIUM",
  "entityAddress": {
    "streetAddress": "Level 61, Governor Phillip Tower, 1 Farrer Pl",
    "addressLocality": "Sydney",
    "addressRegion": "NSW",
    "addressCountry": "Australia",
    "postalCode": "2000",
    "postOfficeBoxNumber": ""
  },
  "businessId": "000000000",
  "contacts": [
    {
      "firstName": "Lygon",
      "lastName": "Primary",
      "email": "lee@lygon.io",
      "phone": "+61412236890",
      "roles": [
        "PRIMARY"
      ]
    },
    {
      "firstName": "Lygon",
      "lastName": "Admin",
      "email": "admin@lygon.io",
      "phone": "+61294625001",
      "roles": [
        "ADMIN"
      ]
    }
  ]
}
