<?xml version="1.0" encoding="UTF-8"?>
<configuration>
    <include resource="logback-bgx-base.xml" />

    <root level="TRACE">
        <appender-ref ref="ERROR" />
        <appender-ref ref="ERROR_CONSOLE" />
        <appender-ref ref="WARN" />
    </root>

    <logger name="com.ibm.au.bgx">
        <appender-ref ref="DOMAIN" />
        <appender-ref ref="DEV" />
        <appender-ref ref="DEBUG" />
        <appender-ref ref="DEV_CONSOLE" />
        <appender-ref ref="FABRIC_TECH" />
        <appender-ref ref="AUTH" />
        <appender-ref ref="PERFORMANCE" />
        <appender-ref ref="STATS" />
    </logger>

    <logger name="org.springframework">
        <appender-ref ref="SPRING" />
    </logger>

</configuration>
