{
  "entityName": "Westpac Banking Corporation",
  "entityType": "ISSUER",
  "entityAddress": {
    "streetAddress": "275 Kent St",
    "addressLocality": "Sydney",
    "addressRegion": "NSW",
    "addressCountry": "Australia",
    "postalCode": "2000",
    "postOfficeBoxNumber": ""
  },
  "businessId": "33007457141",
  "contacts": [
    {
      "firstName": "Rodolf",
      "lastName": "Salem",
      "email": "rsalem@westpac.com.au",
      "phone": "+61466013578",
      "roles": [
        "PRIMARY"
      ]
    },
    {
      "firstName": "Andy",
      "lastName": "Huynh",
      "email": "andyhuynh@westpac.com.au",
      "phone": "+61466503178",
      "roles": [
        "ADMIN"
      ]
    }
  ]
}
