{
  "entityName": "Australia and New Zealand Banking Group",
  "entityType": "ISSUER",
  "entityAddress": {
    "streetAddress": "833 Collins Street",
    "addressLocality": "Docklands",
    "addressRegion": "VIC",
    "addressCountry": "Australia",
    "postalCode": "3008",
    "postOfficeBoxNumber": ""
  },
  "businessId": "11005357522",
  "contacts": [
    {
      "firstName": "Charmie",
      "lastName": "Shah",
      "email": "charmie.shah@anz.com",
      "phone": "+61386541358",
      "roles": [
        "PRIMARY",
        "ADMIN"
      ]
    }
  ]
}
