{
  "entityName": "Commonwealth Bank",
  "entityType": "ISSUER",
  "entityAddress": {
    "streetAddress": "Tower 1, 201 Sussex St",
    "addressLocality": "Sydney",
    "addressRegion": "NSW",
    "addressCountry": "Australia",
    "postalCode": "2000",
    "postOfficeBoxNumber": ""
  },
  "businessId": "48123123124",
  "contacts": [
    {
      "firstName": "Scott",
      "lastName": "Young",
      "email": "scott.young@cba.com.au",
      "phone": "+61293031401",
      "roles": [
        "PRIMARY"
      ]
    },
    {
      "firstName": "Salman",
      "lastName": "Lodhi",
      "email": "salman.lohdi@cba.com.au",
      "phone": "+61459888690",
      "roles": [
        "ADMIN"
      ]
    }
  ]
}
