{
  "$schema": "http://json-schema.org/draft-04/schema#",
  "type":"object",
  "properties": {
    "url": {
      "type": "string"
    },
    "httpOptions":{
      "javaType": "java.util.Map<String, Object>"
    },
    "tlsCACerts": {
      "javaType":"TlsConfig"
    },
    "registrar": {
      "type": "array",
      "items":{
        "type":"object",
        "properties":{
          "enrollId":{
            "type":"string"
          },
          "enrollSecret":{
            "type":"string"
          },
          "x-affiliations":{
            "type": "array",
            "items":{
              "type": "string"
            }
          }
        }
      }
    },
    "caName": {
      "type": "string"
    },
    "x-mspid": {
      "type": "string"
    },
    "x-tlsCAName":{
      "type": "string"
    }
  }
}