{
  "definitions": {},
  "$schema": "http://json-schema.org/draft-07/schema#",
  "$id": "http://example.com/root.json",
  "type": "object",
  "title": "The Root Schema",
  "required": [
    "organization",
    "connection",
    "x-organizationName"
  ],
  "properties": {
    "organization": {
      "$id": "#/properties/organization",
      "type": "string",
      "title": "The Organization Schema",
      "default": "",
      "examples": [
        "PeerOrg1"
      ],
      "pattern": "^(.*)$"
    },
    "connection": {
      "$id": "#/properties/connection",
      "type": "object",
      "title": "The Connection Schema",
      "required": [
        "timeout"
      ],
      "properties": {
        "timeout": {
          "$id": "#/properties/connection/properties/timeout",
          "type": "object",
          "title": "The Timeout Schema",
          "required": [
            "peer",
            "orderer"
          ],
          "properties": {
            "peer": {
              "$id": "#/properties/connection/properties/timeout/properties/peer",
              "type": "object",
              "title": "The Peer Schema",
              "required": [
                "endorser",
                "eventHub",
                "eventReg"
              ],
              "properties": {
                "endorser": {
                  "$id": "#/properties/connection/properties/timeout/properties/peer/properties/endorser",
                  "type": "string",
                  "title": "The Endorser Schema",
                  "default": "",
                  "examples": [
                    "300"
                  ],
                  "pattern": "^(.*)$"
                },
                "eventHub": {
                  "$id": "#/properties/connection/properties/timeout/properties/peer/properties/eventHub",
                  "type": "string",
                  "title": "The Eventhub Schema",
                  "default": "",
                  "examples": [
                    "300"
                  ],
                  "pattern": "^(.*)$"
                },
                "eventReg": {
                  "$id": "#/properties/connection/properties/timeout/properties/peer/properties/eventReg",
                  "type": "string",
                  "title": "The Eventreg Schema",
                  "default": "",
                  "examples": [
                    "300"
                  ],
                  "pattern": "^(.*)$"
                }
              }
            },
            "orderer": {
              "$id": "#/properties/connection/properties/timeout/properties/orderer",
              "type": "string",
              "title": "The Orderer Schema",
              "default": "",
              "examples": [
                "300"
              ],
              "pattern": "^(.*)$"
            }
          }
        }
      }
    },
    "x-organizationName": {
      "$id": "#/properties/x-organizationName",
      "type": "string",
      "title": "The X-organizationname Schema",
      "default": "",
      "examples": [
        "test"
      ],
      "pattern": "^(.*)$"
    }
  }
}