{
  "$schema": "http://json-schema.org/draft-04/schema#",
  "type":"object",
  "properties": {
    "name": {
      "type": "string"
    },
    "x-networkId": {
      "type": "string"
    },
    "x-fabricVersion": {
      "type": "string"
    },
    "x-type": {
      "type": "string"
    },
    "description": {
      "type": "string"
    },
    "version": {
      "type": "string"
    },
    "client": {
      "javaType": "ClientConfig"
    },
    "channels":{
      "javaType": "java.util.Map<String, ChannelConfig>"
    },
    "organizations": {
      "javaType": "java.util.Map<String, OrganizationConfig>"
    },
    "orderers": {
      "javaType": "java.util.Map<String, OrdererConfig>"
    },
    "peers": {
      "javaType": "java.util.Map<String, PeerConfig>"
    },
    "certificateAuthorities": {
      "javaType": "java.util.Map<String, CaConfig>"
    }
  }
}