{
  "$schema": "http://json-schema.org/draft-04/schema#",
  "type":"object",
  "properties": {
    "mspid": {
      "type": "string"
    },
    "peers": {
      "type": "array",
      "items":{
        "type":"string"
      }
    },
    "certificateAuthorities": {
      "type": "array",
      "items":{
        "type":"string"
      }
    },
    "signedCert":{
      "javaType":"TlsConfig"
    },
    "x-uploadedSignedCerts": {
      "type": "array",
      "items":{
        "javaType":"TlsConfig"
      }
    }
  }
}