{
  "$schema": "http://json-schema.org/draft-04/schema#",
  "type":"object",
  "properties": {
    "url": {
      "type": "string"
    },
    "eventUrl": {
      "type": "string"
    },
    "grpcOptions":{
      "javaType": "java.util.Map<String, Object>"
    },
    "tlsCACerts": {
      "javaType":"TlsConfig"
    },
    "x-mspid": {
      "type": "string"
    },
    "x-ledgerDbType": {
      "type": "string"
    },
    "x-installed-chaincode": {
    
      "type": "object",
      "javaType": "java.util.Map<String,com.ibm.au.bgx.fabric.model.InstalledChaincodeMetadata>",
      "required": false 
      
    }
  }
}