{
  "name": "SOLE_APPROVER",
  "description": "This approval model requires only a single user for each request",
  "roles": [
    {
      "roleName": "MANAGER",
      "description": "This role can create requests",
      "isDefault": false
    }
  ],
  "actions": [
    {
      "name": "START_ISSUE_GUARANTEE",
      "description": "This action allows an user to start a guarantee"
    },
    {
      "name": "START_AMEND_GUARANTEE",
      "description": "TODO"
    },
    {
      "name": "START_DEMAND_GUARANTEE",
      "description": "TODO"
    },
    {
      "name": "START_PAYWALK_GUARANTEE",
      "description": "TODO"
    },
    {
      "name": "START_CANCEL_GUARANTEE",
      "description": "TODO"
    },
    {
      "name": "START_TRANSFER_GUARANTEE",
      "description": "TODO"
    },
    {
      "name": "APPROVE_ISSUE_GUARANTEE",
      "description": "TODO"
    },
    {
      "name": "APPROVE_AMEND_GUARANTEE",
      "description": "TODO"
    },
    {
      "name": "APPROVE_DEMAND_GUARANTEE",
      "description": "TODO"
    },
    {
      "name": "APPROVE_CANCEL_GUARANTEE",
      "description": "TODO"
    },
    {
      "name": "APPROVE_TRANSFER_GUARANTEE",
      "description": "TODO"
    },
    {
      "name": "CANCEL_ISSUE_GUARANTEE",
      "description": "TODO"
    },
    {
      "name": "CANCEL_AMEND_GUARANTEE",
      "description": "TODO"
    },
    {
      "name": "CANCEL_DEMAND_GUARANTEE",
      "description": "TODO"
    },
    {
      "name": "CANCEL_CANCEL_GUARANTEE",
      "description": "TODO"
    },
    {
      "name": "CANCEL_TRANSFER_GUARANTEE",
      "description": "TODO"
    },
    {
      "name": "REJECT_ISSUE_GUARANTEE",
      "description": "TODO"
    },
    {
      "name": "REJECT_AMEND_GUARANTEE",
      "description": "TODO"
    },
    {
      "name": "REJECT_CANCEL_GUARANTEE",
      "description": "TODO"
    },
    {
      "name": "REJECT_TRANSFER_GUARANTEE",
      "description": "TODO"
    },
    {
      "name": "DEFER_DEMAND_GUARANTEE",
      "description": "TODO"
    },
    {
      "name": "RECALL_ISSUE_GUARANTEE",
      "description": "TODO"
    },
    {
      "name": "RECALL_AMEND_GUARANTEE",
      "description": "TODO"
    },
    {
      "name": "RECALL_DEMAND_GUARANTEE",
      "description": "TODO"
    },
    {
      "name": "RECALL_CANCEL_GUARANTEE",
      "description": "TODO"
    },
    {
      "name": "RECALL_TRANSFER_GUARANTEE",
      "description": "TODO"
    },
    {
      "name": "REVOKE_APPROVE_ISSUE",
      "description": "TODO"
    },
    {
      "name": "REVOKE_APPROVE_AMEND",
      "description": "TODO"
    },
    {
      "name": "REVOKE_APPROVE_CANCEL",
      "description": "TODO"
    },
    {
      "name": "REVOKE_APPROVE_TRANSFER",
      "description": "TODO"
    },
    {
      "name": "PREFILL_ISSUE_GUARANTEE",
      "description": "TODO"
    },
    {
      "name": "PREFILL_AMEND_GUARANTEE",
      "description": "TODO"
    },
    {
      "name": "PREFILL_CANCEL_GUARANTEE",
      "description": "TODO"
    },
    {
      "name": "APPROVAL_FLOW_REJECT",
      "description": "TODO"
    },
    {
      "name": "APPROVAL_FLOW_CANCEL",
      "description": "TODO"
    },
    {
      "name": "APPROVAL_FLOW_RECALL",
      "description": "TODO"
    }
  ],
  "flows": [
    {
      "actionName": "START_ISSUE_GUARANTEE",
      "roles": ["MANAGER"],
      "nextAction": null,
      "systemActions": ["START_ISSUE_GUARANTEE"]
    },
    {
      "actionName": "START_AMEND_GUARANTEE",
      "roles": ["MANAGER"],
      "nextAction": null,
      "systemActions": ["START_AMEND_GUARANTEE"]
    },
    {
      "actionName": "START_CANCEL_GUARANTEE",
      "roles": ["MANAGER"],
      "nextAction": null,
      "systemActions": ["START_CANCEL_GUARANTEE"]
    },
    {
      "actionName": "START_DEMAND_GUARANTEE",
      "roles": ["MANAGER"],
      "nextAction": null,
      "systemActions": ["START_DEMAND_GUARANTEE"]
    },
    {
      "actionName": "START_PAYWALK_GUARANTEE",
      "roles": ["MANAGER"],
      "nextAction": null,
      "systemActions": ["START_PAYWALK_GUARANTEE"]
    },
    {
      "actionName": "START_TRANSFER_GUARANTEE",
      "roles": ["MANAGER"],
      "nextAction": null,
      "systemActions": ["START_TRANSFER_GUARANTEE"]
    },
    {
      "actionName": "APPROVE_ISSUE_GUARANTEE",
      "roles": ["MANAGER"],
      "nextAction": null,
      "systemActions": ["APPROVE_ISSUE_GUARANTEE"]
    },
    {
      "actionName": "APPROVE_AMEND_GUARANTEE",
      "roles": ["MANAGER"],
      "nextAction": null,
      "systemActions": ["APPROVE_AMEND_GUARANTEE"]
    },
    {
      "actionName": "APPROVE_CANCEL_GUARANTEE",
      "roles": ["MANAGER"],
      "nextAction": null,
      "systemActions": ["APPROVE_CANCEL_GUARANTEE"]
    },
    {
      "actionName": "APPROVE_DEMAND_GUARANTEE",
      "roles": ["MANAGER"],
      "nextAction": null,
      "systemActions": ["APPROVE_DEMAND_GUARANTEE"]
    },
    {
      "actionName": "APPROVE_TRANSFER_GUARANTEE",
      "roles": ["MANAGER"],
      "nextAction": null,
      "systemActions": ["APPROVE_TRANSFER_GUARANTEE"]
    },
    {
      "actionName": "CANCEL_ISSUE_GUARANTEE",
      "roles": ["MANAGER"],
      "nextAction": null,
      "systemActions": ["CANCEL_ISSUE_GUARANTEE"]
    },
    {
      "actionName": "CANCEL_AMEND_GUARANTEE",
      "roles": ["MANAGER"],
      "nextAction": null,
      "systemActions": ["CANCEL_AMEND_GUARANTEE"]
    },
    {
      "actionName": "CANCEL_CANCEL_GUARANTEE",
      "roles": ["MANAGER"],
      "nextAction": null,
      "systemActions": ["CANCEL_CANCEL_GUARANTEE"]
    },
    {
      "actionName": "CANCEL_DEMAND_GUARANTEE",
      "roles": ["MANAGER"],
      "nextAction": null,
      "systemActions": ["CANCEL_DEMAND_GUARANTEE"]
    },
    {
      "actionName": "CANCEL_TRANSFER_GUARANTEE",
      "roles": ["MANAGER"],
      "nextAction": null,
      "systemActions": ["CANCEL_TRANSFER_GUARANTEE"]
    },
    {
      "actionName": "REJECT_ISSUE_GUARANTEE",
      "roles": ["MANAGER"],
      "nextAction": null,
      "systemActions": ["REJECT_ISSUE_GUARANTEE"]
    },
    {
      "actionName": "REJECT_AMEND_GUARANTEE",
      "roles": ["MANAGER"],
      "nextAction": null,
      "systemActions": ["REJECT_AMEND_GUARANTEE"]
    },
    {
      "actionName": "REJECT_CANCEL_GUARANTEE",
      "roles": ["MANAGER"],
      "nextAction": null,
      "systemActions": ["REJECT_CANCEL_GUARANTEE"]
    },
    {
      "actionName": "REJECT_TRANSFER_GUARANTEE",
      "roles": ["MANAGER"],
      "nextAction": null,
      "systemActions": ["REJECT_TRANSFER_GUARANTEE"]
    },
    {
      "actionName": "DEFER_DEMAND_GUARANTEE",
      "roles": ["MANAGER"],
      "nextAction": null,
      "systemActions": ["DEFER_DEMAND_GUARANTEE"]
    },
    {
      "actionName": "RECALL_ISSUE_GUARANTEE",
      "roles": ["MANAGER"],
      "nextAction": null,
      "systemActions": ["RECALL_ISSUE_GUARANTEE"]
    },
    {
      "actionName": "RECALL_AMEND_GUARANTEE",
      "roles": ["MANAGER"],
      "nextAction": null,
      "systemActions": ["RECALL_AMEND_GUARANTEE"]
    },
    {
      "actionName": "RECALL_CANCEL_GUARANTEE",
      "roles": ["MANAGER"],
      "nextAction": null,
      "systemActions": ["RECALL_CANCEL_GUARANTEE"]
    },
    {
      "actionName": "RECALL_DEMAND_GUARANTEE",
      "roles": ["MANAGER"],
      "nextAction": null,
      "systemActions": ["RECALL_DEMAND_GUARANTEE"]
    },
    {
      "actionName": "RECALL_TRANSFER_GUARANTEE",
      "roles": ["MANAGER"],
      "nextAction": null,
      "systemActions": ["RECALL_TRANSFER_GUARANTEE"]
    },
    {
      "actionName": "REVOKE_APPROVE_ISSUE",
      "roles": ["MANAGER"],
      "nextAction": null,
      "systemActions": ["REVOKE_APPROVE_ISSUE"]
    },
    {
      "actionName": "REVOKE_APPROVE_AMEND",
      "roles": ["MANAGER"],
      "nextAction": null,
      "systemActions": ["REVOKE_APPROVE_AMEND"]
    },
    {
      "actionName": "REVOKE_APPROVE_CANCEL",
      "roles": ["MANAGER"],
      "nextAction": null,
      "systemActions": ["REVOKE_APPROVE_CANCEL"]
    },
    {
      "actionName": "REVOKE_APPROVE_TRANSFER",
      "roles": ["MANAGER"],
      "nextAction": null,
      "systemActions": ["REVOKE_APPROVE_TRANSFER"]
    },
    {
      "actionName": "PREFILL_ISSUE_GUARANTEE",
      "roles": ["MANAGER"],
      "nextAction": null,
      "systemActions": ["PREFILL_ISSUE_GUARANTEE"]
    },
    {
      "actionName": "PREFILL_AMEND_GUARANTEE",
      "roles": ["MANAGER"],
      "nextAction": null,
      "systemActions": ["PREFILL_AMEND_GUARANTEE"]
    },
    {
      "actionName": "PREFILL_CANCEL_GUARANTEE",
      "roles": ["MANAGER"],
      "nextAction": null,
      "systemActions": ["PREFILL_CANCEL_GUARANTEE"]
    }
  ]
}