{
  "definitions": {},
  "$schema": "http://json-schema.org/draft-07/schema#",
  "$id": "http://example.com/root.json",
  "type": "object",
  "title": "The Root Schema",
  "required": [
    "Abn",
    "AbnStatus",
    "AddressDate",
    "AddressPostcode",
    "AddressState",
    "BusinessName",
    "EntityName",
    "EntityTypeCode",
    "EntityTypeName",
    "Gst",
    "Message"
  ],
  "properties": {
    "Abn": {
      "$id": "#/properties/Abn",
      "type": "string",
      "title": "The Abn Schema",
      "default": "",
      "examples": [
        "008672179"
      ],
      "pattern": "^(.*)$"
    },
    "AbnStatus": {
      "$id": "#/properties/AbnStatus",
      "type": "string",
      "title": "The Abnstatus Schema",
      "default": "",
      "examples": [
        "Active"
      ],
      "pattern": "^(.*)$"
    },
    "AddressDate": {
      "$id": "#/properties/AddressDate",
      "type": "string",
      "title": "The Addressdate Schema",
      "default": "",
      "examples": [
        "2018-02-26"
      ],
      "pattern": "^(.*)$"
    },
    "AddressPostcode": {
      "$id": "#/properties/AddressPostcode",
      "type": "string",
      "title": "The Addresspostcode Schema",
      "default": "",
      "examples": [
        "3123"
      ],
      "pattern": "^(.*)$"
    },
    "AddressState": {
      "$id": "#/properties/AddressState",
      "type": "string",
      "title": "The Addressstate Schema",
      "default": "",
      "examples": [
        "VIC"
      ],
      "pattern": "^(.*)$"
    },
    "BusinessName": {
      "$id": "#/properties/BusinessName",
      "type": "array",
      "title": "The Businessname Schema",
      "items": {
        "$id": "#/properties/BusinessName/items",
        "type": "string",
        "title": "The Items Schema",
        "default": "",
        "examples": [
          "BUNNINGS WAREHOUSE",
          "HARDWARE CAFE"
        ],
        "pattern": "^(.*)$"
      }
    },
    "EntityName": {
      "$id": "#/properties/EntityName",
      "type": "string",
      "title": "The Entityname Schema",
      "default": "",
      "examples": [
        "BUNNINGS GROUP LIMITED"
      ],
      "pattern": "^(.*)$"
    },
    "EntityTypeCode": {
      "$id": "#/properties/EntityTypeCode",
      "type": "string",
      "title": "The Entitytypecode Schema",
      "default": "",
      "examples": [
        "PUB"
      ],
      "pattern": "^(.*)$"
    },
    "EntityTypeName": {
      "$id": "#/properties/EntityTypeName",
      "type": "string",
      "title": "The Entitytypename Schema",
      "default": "",
      "examples": [
        "Australian Public Company"
      ],
      "pattern": "^(.*)$"
    },
    "Gst": {
      "$id": "#/properties/Gst",
      "type": "string",
      "title": "The Gst Schema",
      "default": "",
      "examples": [
        "2000-07-01"
      ],
      "pattern": "^(.*)$"
    },
    "Message": {
      "$id": "#/properties/Message",
      "type": "string",
      "title": "The Message Schema",
      "default": "",
      "examples": [
        ""
      ],
      "pattern": "^(.*)$"
    }
  }
}