{
  "$schema": "http://json-schema.org/draft-07/schema#",
  "type": "object",
  "additionalProperties": false,
  "extendsJavaClass": "BaseEntity",
  "definitions": {
    "statusType" : {
      "type" : "string",
      "enum" : [
        "DRAFTED",
        "CONFIRMED",
        "APPROVED",
        "REJECTED",
        "ABANDONED"
      ]
    },
    "requestType": {
      "type": "string",
      "enum": [
        "ON_BOARDING",
        "CHANGE_DETAILS",
        "CHANGE_STATUS",
        "REMOVE_ADMINISTRATOR",
        "UPDATE_ADMINISTRATOR",
        "ADD_ADMINISTRATOR",
        "LINK_ORGANIZATION",
        "UNLINK_ORGANIZATION"
      ]
    }
  },
  "properties": {
    "requestType": {
      "type" : "object",
      "required" : "true",
      "$ref" : "#/definitions/requestType"
    },
    "actions": {
      "type": "array",
      "items": {
        "javaType": "com.ibm.au.bgx.model.pojo.onboarding.OrgRequestAction"
      }
    },
    "status": {
      "type" : "object",
      "required" : "true",
      "$ref" : "#/definitions/statusType"
    }
  }
}
