{
  "$schema": "http://json-schema.org/draft-07/schema#",
  "type": "object",
  "additionalProperties": false,
  "properties": {
    "provider": {
      "type": "string",
      "enum": [
        "KEYCLOAK",
        "OTHER"
      ]
    },
    "clientId": {
      "type": "string"
    },
    "clientSecret": {
      "type": "string"
    },
    "accessTokenUri": {
      "type": "string"
    },
    "userAuthorizationUri": {
      "type": "string"
    },
    "redirectUri": {
      "type": "string"
    },
    "grantType": {
      "type": "string"
    },
    "scopes": {
      "type": "array",
      "items": {
        "type": "string"
      }
    },
    "issuer": {
      "type": "string"
    },
    "issuerPublicKey": {
      "type": "string"
    }
  }
}
