{
  "$schema": "http://json-schema.org/draft-07/schema#",
  "type": "object",
  "additionalProperties": false,
  "extendsJavaClass": "BaseEntity",
  "properties": {
    "entityName": {
      "type": "string",
      "maxLength": 256,
      "required":true
    },
    "entityType": {
      "type": "string",
      "enum": [
        "APPLICANT_OR_BENEFICIARY",
        "ISSUER",
        "CONSORTIUM"
      ]
    },
    "entityAddress": {
      "javaType": "PostalAddress"
    },
    "businessId": {
      "type": "string",
      "minLength": 9,
      "maxLength": 11,
      "pattern": "^[0-9][0-9]*$",
      "required":true
    },
    "status": {
      "type": "string",
      "enum": [
        "ACTIVE",
        "INACTIVE"
      ]
    },
    "contacts": {
      "type": "array",
      "items": {
        "javaType": "ContactInfo"
      }
    },
    "agreement": {
      "javaType": "AgreementInfo"
    }
  }
}
