{
  "$schema": "http://json-schema.org/draft-07/schema#",
  "type": "object",
  "additionalProperties": false,
  "properties": {
    "key": {
      "type": "string"
    },
    "approvalModel": {
      "javaType": "com.ibm.au.bgx.model.pojo.approvalmodel.OrgApprovalModelSettings"
    },
    "bankAccounts": {
      "type": "array",
      "items": {
        "javaType": "com.ibm.au.bgx.model.pojo.BankAccount"
      }
    },
    "userAuth": {
      "javaType": "OpenIdConfig"
    },
    "apiAuth": {
      "javaType": "OpenIdConfig"
    },
    "agreement": {
      "javaType": "AgreementInfo"
    },
    "roles": {
      "type": "array",
      "items": {
        "javaType": "com.ibm.au.bgx.model.pojo.Role"
      }
    },
    "relationships": {
      "type": "array",
      "items": {
        "javaType": "com.ibm.au.bgx.model.pojo.RelationshipInfo"
      }
    },
    "apiUrl":{
      "type": "string"
    }
  }
}
