{
  "$schema": "http://json-schema.org/draft-07/schema#",
  "type": "object",
  "additionalProperties": false,
  "extendsJavaClass": "com.ibm.au.bgx.model.Entity",
  "properties": {
    "id": {
      "type": "string"
    },
    "relatedEntityName": {
      "type": "string"
    },
    "relationship": {
      "type": "string",
      "enum": [
        "PARENT_OF",
        "SUBSIDIARY_OF"
      ]
    },
    "status": {
      "type": "string",
      "enum": [
        "LINK_PENDING",
        "UNLINK_PENDING",
        "LINKED"
      ]
    },
    "permission": {
      "type": "array",
      "items": {
        "type": "string",
        "enum": [
          "READ",
          "WRITE"
        ]
      }
    },
    "initiatorFlag": {
      "type": "boolean",
      "required": false
    },
    "requestId": {
      "type": "string",
      "required": false
    },
    "channelUserName":{
      "type":"string"
    }
  }
}
