{
  "$schema": "http://json-schema.org/draft-07/schema#",
  "type": "object",
  "additionalProperties": false,
  "extendsJavaClass": "BaseEntity",
  "definitions": {
    "statusType": {
      "type": "string",
      "enum": [
        "PENDING",
        "ACTIVE",
        "INACTIVE",
        "DELETED"
      ]
    }
  },
  "properties": {
    "firstName": {
      "type": "string"
    },
    "lastName": {
      "type": "string"
    },
    "email": {
      "type": "string",
      "pattern": "^[a-zA-Z0-9.!#$%&'*+/=?^_`{|}~-]+@[a-zA-Z0-9](?:[a-zA-Z0-9-]{0,61}[a-zA-Z0-9])?(?:\\.[a-zA-Z0-9](?:[a-zA-Z0-9-]{0,61}[a-zA-Z0-9])?)*$"
    },
    "phone": {
      "type": "string"
    },
    "status": {
      "type": "string",
      "$ref": "#/definitions/statusType"
    },
    "agreement": {
      "javaType": "AgreementInfo"
    },
    "primaryOrgId": {
      "type": "string"
    },
    "userRoles": {
      "type": "object",
      "javaType": "java.util.Map<String,java.util.List<String>>"
    },
    "credentials": {
      "javaType": "Credentials"
    },
    "gxLimit": {
      "javaType": "java.util.Map<String,java.math.BigInteger>"
    },
    "apiKeys":{
      "type": "object",
      "javaType": "java.util.Map<String,com.ibm.au.bgx.model.pojo.ApiKey>"
    },
    "enabled2fAuth":{
      "type": "boolean",
      "default": false
    },
    "allowedAuthTokens":{
      "type": "array",
      "items": {
        "javaType": "com.ibm.au.bgx.model.pojo.AuthTokenInfo"
      }
    },
    "lastAuthTokenHash": {
      "type": "string"
    },
    "lastAuthTokenExpiry": {
      "javaType": "java.time.Instant"
    },
    "lastLoginAt": {
      "javaType": "java.time.Instant"
    }
  }
}
